,user,matchId,startTime,endTime,map,kills,medalXp,matchXp,averageSpeedDuringMatch,scoreXp,accuracy,wallBangs,losses,avgLifeTime,shotsLanded,objectiveMedalModeXAssaultScore,score,totalXp,headshots,assists,rank,scorePerMinute,distanceTraveled,deaths,wins,kdRatio,shotsMissed,scorePerGame,timePlayed,headshotPercentage,matchesPlayed,executions,suicides,wlRatio,nearmisses,percentTimeMoving,miscXp,longestStreak,damageDone,shotsFired,damageTaken,objectiveMedalModeXDefendScore,objectiveMedalModeSdPlantSaveScore,objectiveLastManKill,objectiveMedalScoreSsKillCruisePredator,objectiveMedalModeSdDefuseScore,objectiveDestroyedEquipment,objectivePlant,objectiveMedalModeSdDetonateScore,objectiveUavAssist,objectiveShieldDamage,objectiveExecution,objectiveShieldAssist,objectiveMedalScoreSsKillHoverJet,objectiveMedalModeSdDefuseSaveScore,objectiveMedalModeSdLastDefuseScore,objectivePerkMarkedTarget,objectiveEmpedPlayer
0,kingfishy,12470879781203926444,1592426768000,1592427249000,mp_backlot2,2.0,1775.0,2361.0,37.862823,375.0,0.1746031746031746,1.0,0.0,132.75,22.0,1.0,425.0,4511.0,0.0,3.0,54.0,48.0225988700565,5724.5254,3.0,1.0,0.6666666666666666,104.0,425.0,531.0,0.0,1.0,0.0,0.0,0.0,68.0,25.641024,0.0,1.0,416.0,126.0,369.0,,,,,,,,,,,,,,,,,
1,kingfishy,12717339580441969788,1592425777000,1592426605000,mp_petrograd,5.0,2545.0,3491.0,100.61784,500.0,0.0,0.0,1.0,125.28571428571428,,,500.0,6536.0,0.0,0.0,54.0,34.20752565564424,20264.777,6.0,0.0,0.8333333333333334,,500.0,877.0,0.0,1.0,0.0,0.0,0.0,60.0,72.28915400000002,0.0,1.0,723.0,,600.0,,,,,,,,,,,,,,,,,
2,kingfishy,7684750607746022697,1592424252000,1592425200000,mp_cave_am,3.0,2695.0,3743.0,116.36924,600.0,0.16666666666666666,0.0,0.0,100.1,19.0,,700.0,7038.0,0.0,6.0,54.0,41.95804195804195,32893.754,9.0,1.0,0.3333333333333333,95.0,700.0,1001.0,0.0,1.0,0.0,0.0,0.0,71.0,63.636364,0.0,2.0,771.0,114.0,1012.0,2.0,,,,,,,,,,,,,,,,
3,kingfishy,12496917955482986279,1592412340000,1592412974000,mp_piccadilly,2.0,1500.0,2346.0,97.8875,225.0,0.12048192771084335,0.0,0.0,134.6,10.0,,275.0,4071.0,0.0,1.0,54.0,24.51708766716196,19547.91,4.0,1.0,0.5,73.0,275.0,673.0,0.0,1.0,0.0,0.0,0.0,40.0,68.62746,0.0,2.0,219.0,83.0,400.0,1.0,,,,,,,,,,,,,,,,
4,kingfishy,17059032108106837683,1592341466000,1592342271000,mp_hackney_am,5.0,3265.0,3667.0,54.93939,500.0,0.1640625,0.0,0.0,95.55555555555556,21.0,2.0,700.0,7432.0,1.0,0.0,54.0,48.83720930232558,10104.319,8.0,1.0,0.625,107.0,700.0,860.0,0.2,1.0,0.0,0.0,0.0,61.0,42.37288,0.0,3.0,751.0,128.0,877.0,2.0,,,,,,,,,,,,,,,,
5,kingfishy,2617879760429011917,1592340903000,1592341288000,mp_rust,1.0,1450.0,1275.0,0.0,125.0,0.1111111111111111,0.0,1.0,60.14285714285714,9.0,,125.0,2850.0,0.0,1.0,54.0,17.814726840855105,1419.5364,6.0,0.0,0.16666666666666666,72.0,125.0,421.0,0.0,1.0,0.0,0.0,0.0,35.0,0.0,0.0,1.0,275.0,81.0,601.0,,,,,,,,,,,,,,,,,
6,kingfishy,6089182568819232698,1592340172000,1592340807000,mp_piccadilly,6.0,3155.0,2895.0,0.0,650.0,0.1941747572815534,0.0,0.0,228.3333333333333,20.0,,700.0,6700.0,1.0,0.0,54.0,61.3138686131387,13986.161,2.0,1.0,3.0,83.0,700.0,685.0,0.16666666666666666,1.0,0.0,0.0,0.0,29.0,0.0,0.0,5.0,642.0,103.0,300.0,1.0,1.0,2.0,1.0,,,,,,,,,,,,,
7,kingfishy,16275245448753002544,1592339260000,1592340026000,mp_backlot2,8.0,4630.0,4399.0,99.392265,875.0,0.10601719197707736,0.0,0.0,271.0,37.0,1.0,1225.0,9904.0,3.0,2.0,54.0,90.40590405904058,20021.787,2.0,1.0,4.0,312.0,1225.0,813.0,0.375,1.0,0.0,0.0,0.0,67.0,80.0,0.0,6.0,991.0,349.0,379.0,3.0,,,,1.0,1.0,,,,,,,,,,,
8,kingfishy,17553770294748289273,1592338487000,1592339149000,mp_crash2,4.0,2565.0,3819.0,156.13806,425.0,0.0546875,0.0,0.0,181.25,7.0,,525.0,6809.0,0.0,1.0,54.0,43.44827586206897,23370.68,3.0,1.0,1.3333333333333333,121.0,525.0,725.0,0.0,1.0,0.0,0.0,0.0,33.0,83.33333,0.0,4.0,454.0,128.0,450.0,2.0,,,,,,,,,,,,,,,,
9,kingfishy,13158515872912190337,1592256709000,1592257576000,mp_crash2,8.0,4075.0,3028.0,80.19326,1000.0,0.09034267912772584,0.0,0.0,114.25,29.0,,1300.0,8103.0,0.0,0.0,54.0,85.33916849015317,22992.646,7.0,1.0,1.1428571428571428,292.0,1300.0,914.0,0.0,1.0,0.0,0.0,0.0,68.0,21.276596,0.0,3.0,868.0,321.0,731.0,4.0,,,,,,2.0,1.0,,,,,,,,,
10,kingfishy,6285895875409790669,1592255848000,1592256507000,mp_backlot2,2.0,1160.0,2035.0,110.69323,250.0,0.03558718861209965,0.0,0.0,180.0,10.0,,250.0,3445.0,0.0,1.0,54.0,20.83333333333333,19633.266,3.0,1.0,0.6666666666666666,271.0,250.0,720.0,0.0,1.0,0.0,0.0,0.0,13.0,78.94736999999998,0.0,2.0,317.0,281.0,342.0,,,,,,,,,,,,,,,,,
11,kingfishy,17551195465301186549,1592255026000,1592255716000,mp_hideout,2.0,2010.0,3664.0,31.457909,275.0,0.0,0.0,0.0,123.16666666666669,,,325.0,5949.0,1.0,1.0,54.0,26.38700947225981,9905.204,5.0,1.0,0.4,,325.0,739.0,0.5,1.0,0.0,0.0,0.0,35.0,21.97802,0.0,1.0,459.0,,690.0,1.0,,,,,,,,,,,,,,,,
12,kingfishy,16155687098624965981,1592253766000,1592254908000,mp_petrograd,4.0,2650.0,5661.0,38.650906,400.0,0.16666666666666666,1.0,0.0,131.44444444444446,24.0,,400.0,8711.0,0.0,0.0,54.0,20.28740490278952,24102.0,8.0,1.0,0.5,120.0,400.0,1183.0,0.0,1.0,0.0,0.0,0.0,73.0,19.607843,0.0,2.0,736.0,144.0,905.0,,,,,,,,,,,,,,,,,
13,kingfishy,15711793469948754716,1592253049000,1592253617000,mp_piccadilly,0.0,500.0,1531.0,113.874466,50.0,0.0,0.0,0.0,102.33333333333331,0.0,,50.0,2081.0,0.0,1.0,54.0,4.885993485342018,12505.129,5.0,1.0,0.0,6.0,50.0,614.0,0.0,1.0,0.0,0.0,0.0,2.0,52.23881,0.0,0.0,137.0,6.0,503.0,,,,,,,,,,,,,,,,,
14,kingfishy,2279107725674928305,1592251887000,1592252863000,mp_cave_am,3.0,1845.0,2886.0,55.365,425.0,0.1414141414141414,0.0,0.0,127.375,14.0,,475.0,5156.0,0.0,1.0,54.0,27.968596663395484,23352.543,7.0,1.0,0.42857142857142855,85.0,475.0,1019.0,0.0,1.0,0.0,0.0,0.0,38.0,38.461536,0.0,1.0,361.0,99.0,947.0,1.0,,,,,,1.0,,,,,,,,,,
15,kingfishy,6729646586169866596,1592250760000,1592251767000,mp_vacant,15.0,6380.0,6188.0,58.305424,1645.0,0.14685314685314685,1.0,0.0,173.66666666666663,63.0,1.0,1995.0,14213.0,4.0,2.0,54.0,114.87523992322457,24510.322,5.0,1.0,3.0,366.0,1995.0,1042.0,0.26666666666666666,1.0,0.0,0.0,0.0,169.0,60.606064,0.0,6.0,1854.0,429.0,748.0,6.0,,1.0,,,,,,2.0,,,,,,,,
16,kingfishy,17565719404042788262,1592250100000,1592250670000,mp_runner,6.0,3140.0,3439.0,156.64417,800.0,0.2839506172839506,0.0,0.0,120.6,23.0,,850.0,7379.0,1.0,2.0,54.0,84.57711442786069,18498.947,4.0,1.0,1.5,58.0,850.0,603.0,0.16666666666666666,1.0,0.0,0.0,0.0,34.0,81.63265,0.0,3.0,840.0,81.0,561.0,1.0,,,,,,1.0,,,,,,,,,,
17,kingfishy,3840948122107477090,1592240995000,1592241340000,mp_rust,4.0,2820.0,1773.0,0.0,525.0,0.11666666666666667,0.0,0.0,78.0,28.0,1.0,625.0,10236.0,0.0,3.0,54.0,96.15384615384615,971.9861,4.0,1.0,1.0,212.0,625.0,390.0,0.0,1.0,0.0,0.0,0.0,82.0,0.0,0.0,2.0,783.0,240.0,475.0,1.0,,,,,,,,,,,,,,,,
18,kingfishy,1071568586121289870,1592170181000,1592171067000,mp_runner,5.0,2605.0,2619.0,18.655615,600.0,0.24,0.0,1.0,115.875,18.0,2.0,750.0,11648.0,0.0,0.0,54.0,48.54368932038835,26165.541,7.0,0.0,0.7142857142857143,57.0,750.0,927.0,0.0,1.0,0.0,0.0,0.0,32.0,38.83495,0.0,2.0,508.0,75.0,700.0,1.0,,,,,,1.0,,,,,,,,,,
19,kingfishy,15748414812411513588,1592169006000,1592169929000,mp_village2,3.0,1735.0,1623.0,0.0,325.0,0.059633027522935776,0.0,0.0,120.875,13.0,,325.0,7366.0,0.0,1.0,54.0,20.165460186142713,31467.266,7.0,1.0,0.42857142857142855,205.0,325.0,967.0,0.0,1.0,0.0,0.0,0.0,30.0,0.0,0.0,1.0,339.0,218.0,700.0,,,,,,,,,,,,,,,,,
20,kingfishy,16771874709158343632,1592168066000,1592168900000,mp_emporium,6.0,2535.0,2584.0,121.88555,725.0,0.2661290322580645,0.0,0.0,108.75,33.0,,725.0,11688.0,0.0,1.0,54.0,50.0,24139.926,7.0,1.0,0.8571428571428571,91.0,725.0,870.0,0.0,1.0,0.0,0.0,0.0,65.0,76.92307,0.0,3.0,887.0,124.0,921.0,,,2.0,,,,,,,,,,,,,,
21,kingfishy,18319910232553476951,1592167472000,1592167967000,mp_spear,4.0,1855.0,2274.0,0.0,520.0,0.13286713286713284,0.0,0.0,182.0,19.0,,520.0,9298.0,0.0,1.0,54.0,57.14285714285714,17454.928,2.0,1.0,2.0,124.0,520.0,546.0,0.0,1.0,0.0,0.0,0.0,32.0,0.0,0.0,4.0,520.0,143.0,449.0,,,,,,2.0,,,2.0,,,,,,,,
22,kingfishy,10469781070609715180,1592166567000,1592167161000,mp_rust,5.0,3405.0,2351.0,0.0,575.0,0.17687074829931973,0.0,0.0,91.28571428571428,26.0,1.0,725.0,12662.0,0.0,2.0,54.0,68.07511737089202,8355.096,6.0,1.0,0.8333333333333334,121.0,725.0,639.0,0.0,1.0,0.0,0.0,0.0,83.0,0.0,0.0,2.0,737.0,147.0,772.0,2.0,,,,,,,,,,,,,,,,
23,kingfishy,15022042060787165368,1592149602000,1592150230000,mp_hardhat,6.0,3200.0,2212.0,58.305023,725.0,0.3232323232323233,0.0,1.0,84.625,32.0,,825.0,12274.0,2.0,2.0,54.0,73.11669128508126,12931.867,7.0,0.0,0.8571428571428571,67.0,825.0,677.0,0.3333333333333333,1.0,0.0,0.0,0.0,57.0,29.411762,0.0,3.0,911.0,99.0,858.0,2.0,,1.0,,,,,,,,,,,,,,
24,kingfishy,13774016947743087594,1592089295000,1592089970000,mp_runner,4.0,1605.0,1424.0,62.880135,425.0,0.32,0.0,1.0,90.0,16.0,,425.0,6908.0,0.0,0.0,54.0,35.416666666666664,9888.828,7.0,0.0,0.5714285714285714,34.0,425.0,720.0,0.0,1.0,0.0,0.0,0.0,26.0,41.666664,0.0,2.0,400.0,50.0,700.0,,,1.0,,,,,,,,,,,,,,
25,kingfishy,7564817362049002652,1592088367000,1592089185000,mp_crash2,9.0,4195.0,5328.0,95.12491,1020.0,0.17796610169491525,0.0,0.0,143.0,42.0,,1170.0,21086.0,1.0,2.0,54.0,81.81818181818181,25564.752,5.0,1.0,1.8,194.0,1170.0,858.0,0.1111111111111111,1.0,0.0,0.0,0.0,105.0,64.93507,0.0,4.0,1199.0,236.0,800.0,3.0,,,,,,,,2.0,,,,,,,,
26,Bonj-Welson,12717339580441969788,1592425777000,1592426605000,mp_petrograd,6.0,2490.0,2995.0,103.87973,700.0,0.0,0.0,1.0,125.0,,,700.0,6185.0,1.0,0.0,54.0,48.0,35289.44,6.0,0.0,1.0,,700.0,875.0,0.16666666666666666,1.0,0.0,0.0,0.0,17.0,90.36144,0.0,3.0,827.0,,800.0,,,,,,,1.0,,,,,,,,,,
27,Bonj-Welson,7684750607746022697,1592424252000,1592425200000,mp_cave_am,13.0,5595.0,3518.0,140.77143999999996,1360.0,0.27624309392265195,0.0,0.0,166.83333333333334,50.0,1.0,1660.0,10473.0,4.0,0.0,54.0,99.5004995004995,41515.49,5.0,1.0,2.6,131.0,1660.0,1001.0,0.3076923076923077,1.0,0.0,0.0,0.0,76.0,100.0,0.0,5.0,1360.0,181.0,572.0,2.0,,,,1.0,,,,6.0,,,,,,,,
28,Bonj-Welson,10129196985493955731,1592420679000,1592421231000,mp_crash2,9.0,3735.0,2883.0,88.26723,1035.0,0.2840909090909091,0.0,0.0,99.16666666666669,25.0,,1035.0,7653.0,1.0,2.0,54.0,104.36974789915966,12002.072,5.0,1.0,1.8,63.0,1035.0,595.0,0.1111111111111111,1.0,0.0,0.0,0.0,27.0,88.88889,0.0,5.0,1096.0,88.0,657.0,,,,1.0,1.0,1.0,,,1.0,,,,,,,,
29,Bonj-Welson,12496917955482986279,1592412340000,1592412974000,mp_piccadilly,4.0,2100.0,3011.0,85.287476,625.0,0.125,0.0,0.0,112.16666666666669,7.0,,625.0,5736.0,0.0,1.0,54.0,55.72065378900446,25679.432,5.0,1.0,0.8,49.0,625.0,673.0,0.0,1.0,0.0,0.0,0.0,19.0,49.01960800000001,0.0,2.0,474.0,56.0,663.0,,,,,,,1.0,,,1.0,,,,,,,
30,Bonj-Welson,17059032108106837683,1592341466000,1592342271000,mp_hackney_am,6.0,2480.0,2383.0,104.176605,725.0,0.13714285714285715,0.0,0.0,107.25,24.0,,725.0,5588.0,0.0,1.0,54.0,50.6993006993007,15363.588,7.0,1.0,0.8571428571428571,151.0,725.0,858.0,0.0,1.0,0.0,0.0,0.0,49.0,93.22034,0.0,2.0,879.0,175.0,714.0,,,2.0,,,,,,,,,,,,,,
31,Bonj-Welson,2617879760429011917,1592340903000,1592341288000,mp_rust,3.0,1610.0,821.0,0.0,300.0,0.2631578947368421,0.0,1.0,59.85714285714285,15.0,2.0,400.0,2731.0,0.0,0.0,54.0,57.27923627684965,712.33563,6.0,0.0,0.5,42.0,400.0,419.0,0.0,1.0,0.0,0.0,0.0,27.0,0.0,0.0,3.0,399.0,57.0,600.0,,,,,,,,,,,,,,,,,
32,Bonj-Welson,6089182568819232698,1592340172000,1592340807000,mp_piccadilly,7.0,4335.0,3857.0,191.09497,1000.0,0.1897810218978102,0.0,0.0,137.2,26.0,,1150.0,9192.0,2.0,0.0,54.0,100.58309037900874,18191.14,4.0,1.0,1.75,111.0,1150.0,686.0,0.2857142857142857,1.0,0.0,0.0,0.0,44.0,97.22223,0.0,2.0,864.0,137.0,543.0,1.0,,,,,,3.0,1.0,,,,,,,,,
33,Bonj-Welson,16275245448753002544,1592339260000,1592340026000,mp_backlot2,12.0,4300.0,4399.0,44.10928,1420.0,0.26136363636363635,2.0,0.0,162.4,46.0,,1370.0,10119.0,0.0,0.0,54.0,101.23152709359606,28847.535,4.0,1.0,3.0,130.0,1370.0,812.0,0.0,1.0,0.0,0.0,0.0,88.0,16.129034,0.0,4.0,1378.0,176.0,717.0,,,2.0,,,,1.0,,2.0,,,,,,,,
34,Bonj-Welson,17553770294748289273,1592338487000,1592339149000,mp_crash2,5.0,1820.0,2939.0,92.507866,545.0,0.1875,0.0,0.0,120.83333333333331,15.0,,545.0,5304.0,0.0,0.0,54.0,45.103448275862064,18895.643,5.0,1.0,1.0,65.0,545.0,725.0,0.0,1.0,0.0,0.0,0.0,38.0,64.81481,0.0,4.0,589.0,80.0,528.0,,,,,,1.0,,,2.0,,,,,,,,
35,Bonj-Welson,14367906075090003002,1592337599000,1592338307000,mp_m_speed,11.0,4925.0,3405.0,184.44945,1400.0,0.2843137254901961,0.0,0.0,108.14285714285714,58.0,,1400.0,9730.0,3.0,5.0,54.0,110.9643328929987,19118.477,6.0,1.0,1.8333333333333333,146.0,1400.0,757.0,0.2727272727272727,1.0,0.0,0.0,0.0,118.0,97.560974,0.0,3.0,1656.0,204.0,952.0,,,1.0,,,1.0,,,,1.0,,,,,,,
36,Bonj-Welson,5765631332382683470,1592336483000,1592337446000,mp_deadzone,10.0,4850.0,5146.0,145.10556,1350.0,0.1973094170403588,0.0,0.0,127.375,44.0,1.0,1400.0,11346.0,0.0,2.0,54.0,82.43375858684986,47270.203,7.0,1.0,1.4285714285714286,179.0,1400.0,1019.0,0.0,1.0,0.0,0.0,0.0,108.0,75.0,0.0,3.0,1356.0,223.0,753.0,,,,,,,2.0,,,,,,,,,,
37,Bonj-Welson,13158515872912190337,1592256709000,1592257576000,mp_crash2,7.0,3615.0,4019.0,99.32265,750.0,0.1650485436893204,1.0,0.0,130.57142857142858,34.0,1.0,800.0,8384.0,4.0,1.0,54.0,52.516411378555794,31970.086,6.0,1.0,1.1666666666666667,172.0,800.0,914.0,0.5714285714285714,1.0,0.0,0.0,0.0,89.0,74.46809,0.0,2.0,1144.0,206.0,940.0,,,1.0,,,,,,,,,,,,,,
38,Bonj-Welson,6285895875409790669,1592255848000,1592256507000,mp_backlot2,4.0,3150.0,3914.0,177.48851000000005,750.0,0.16,0.0,0.0,120.0,16.0,,750.0,7814.0,0.0,1.0,54.0,62.50000000000001,20614.838,5.0,1.0,0.8,84.0,750.0,720.0,0.0,1.0,0.0,0.0,0.0,36.0,78.94736999999998,0.0,1.0,593.0,100.0,547.0,,,,,,,3.0,,,,,,,,,,
39,Bonj-Welson,17551195465301186549,1592255026000,1592255716000,mp_hideout,7.0,2960.0,2676.0,38.881866,700.0,0.0,0.0,0.0,92.0,,2.0,800.0,6336.0,2.0,0.0,54.0,65.21739130434783,14538.71,7.0,1.0,1.0,,800.0,736.0,0.2857142857142857,1.0,0.0,0.0,0.0,58.0,10.98901,0.0,3.0,884.0,,796.0,,,,,,,,,,,,,,,,,
40,Bonj-Welson,16155687098624965981,1592253766000,1592254908000,mp_petrograd,14.0,6095.0,6197.0,39.332054,1460.0,0.2540540540540541,0.0,0.0,148.0,47.0,1.0,1660.0,13752.0,2.0,1.0,54.0,84.12162162162161,48946.46,7.0,1.0,2.0,138.0,1660.0,1184.0,0.14285714285714285,1.0,0.0,0.0,0.0,100.0,19.607843,0.0,6.0,1545.0,185.0,914.0,,,,,1.0,,,,1.0,,,,,,,,
41,Bonj-Welson,15711793469948754716,1592253049000,1592253617000,mp_piccadilly,8.0,3705.0,2860.0,174.13568,975.0,0.3888888888888889,0.0,0.0,153.5,28.0,2.0,1050.0,7540.0,1.0,2.0,54.0,102.60586319218241,22342.225,3.0,1.0,2.6666666666666665,44.0,1050.0,614.0,0.125,1.0,0.0,1.0,0.0,42.0,87.71931,0.0,6.0,901.0,72.0,236.0,1.0,,1.0,1.0,,,1.0,,,,,,,,,,
42,Bonj-Welson,2279107725674928305,1592251887000,1592252863000,mp_cave_am,8.0,3275.0,3384.0,169.79095,970.0,0.22377622377622367,1.0,0.0,145.57142857142858,32.0,,995.0,7629.0,0.0,0.0,54.0,58.58684985279686,38335.047,6.0,1.0,1.3333333333333333,111.0,995.0,1019.0,0.0,1.0,0.0,0.0,0.0,63.0,96.15385,0.0,4.0,1005.0,143.0,916.0,1.0,,1.0,,,,1.0,,2.0,,,,,,,,
43,Bonj-Welson,6729646586169866596,1592250760000,1592251767000,mp_vacant,9.0,4035.0,5182.0,124.164185,1110.0,0.15891472868217055,1.0,0.0,148.85714285714286,41.0,1.0,1135.0,10327.0,2.0,3.0,54.0,65.35508637236084,33934.63,6.0,1.0,1.5,217.0,1135.0,1042.0,0.2222222222222222,1.0,1.0,0.0,0.0,135.0,83.333336,0.0,5.0,1362.0,258.0,788.0,,,,,,,,,1.0,,1.0,,,,,,
44,Bonj-Welson,17565719404042788262,1592250100000,1592250670000,mp_runner,10.0,3965.0,3439.0,156.25253,1085.0,0.2206896551724138,0.0,0.0,201.3333333333333,32.0,1.0,1060.0,8489.0,0.0,2.0,54.0,105.29801324503313,25514.143,2.0,1.0,5.0,113.0,1060.0,604.0,0.0,1.0,0.0,0.0,0.0,53.0,76.92307,0.0,5.0,1213.0,145.0,200.0,,,,1.0,,,,,1.0,,,,,,,,
45,Bonj-Welson,1071568586121289870,1592170181000,1592171067000,mp_runner,17.0,6710.0,4402.0,114.6665,1835.0,0.2817460317460317,0.0,1.0,116.0,71.0,3.0,2035.0,25894.0,2.0,1.0,54.0,131.57327586206895,38798.48,7.0,0.0,2.4285714285714284,181.0,2035.0,928.0,0.1176470588235294,1.0,0.0,0.0,0.0,113.0,87.37864,0.0,6.0,1963.0,252.0,1039.0,1.0,,4.0,,,,,,1.0,,,,,,,,
46,Bonj-Welson,15748414812411513588,1592169006000,1592169929000,mp_village2,13.0,4900.0,4649.0,0.0,1535.0,0.18859649122807007,0.0,0.0,161.0,43.0,,1435.0,22168.0,0.0,5.0,54.0,89.13043478260867,46722.746,5.0,1.0,2.6,185.0,1435.0,966.0,0.0,1.0,0.0,0.0,0.0,108.0,0.0,0.0,6.0,1549.0,228.0,640.0,1.0,,,1.0,,,,,1.0,,,,,,,,
47,Bonj-Welson,16771874709158343632,1592168066000,1592168900000,mp_emporium,13.0,5310.0,5001.0,0.0,1435.0,0.29936305732484075,0.0,0.0,124.42857142857143,47.0,,1410.0,23492.0,2.0,2.0,54.0,97.1297359357061,36365.465,6.0,1.0,2.1666666666666665,110.0,1410.0,871.0,0.15384615384615385,1.0,0.0,0.0,0.0,90.0,0.0,0.0,5.0,1492.0,157.0,688.0,1.0,,1.0,1.0,,,,,1.0,,,,,,,,
48,Bonj-Welson,18319910232553476951,1592167472000,1592167967000,mp_spear,5.0,2605.0,2239.0,0.0,725.0,0.2352941176470588,0.0,0.0,182.66666666666663,16.0,,825.0,11138.0,1.0,1.0,54.0,90.32846715328468,14823.965,2.0,1.0,2.5,52.0,825.0,548.0,0.2,1.0,0.0,0.0,0.0,34.0,0.0,0.0,3.0,612.0,68.0,428.0,,,1.0,,,1.0,1.0,1.0,,,,,,,,,
49,Bonj-Welson,10469781070609715180,1592166567000,1592167161000,mp_rust,4.0,2905.0,2482.0,0.0,550.0,0.18840579710144928,0.0,0.0,91.71428571428572,26.0,,550.0,11874.0,0.0,3.0,54.0,51.4018691588785,10856.667,6.0,1.0,0.6666666666666666,112.0,550.0,642.0,0.0,1.0,0.0,0.0,0.0,72.0,0.0,0.0,2.0,807.0,138.0,742.0,,,,,,,,,,,,,,,,,
50,Bonj-Welson,15022042060787165368,1592149602000,1592150230000,mp_hardhat,9.0,4360.0,3022.0,120.961,1025.0,0.2233502538071066,1.0,1.0,84.625,44.0,,1275.0,16814.0,1.0,3.0,54.0,112.99852289512556,10279.545,7.0,0.0,1.2857142857142858,153.0,1275.0,677.0,0.1111111111111111,1.0,0.0,0.0,0.0,113.0,88.23529,0.0,2.0,1317.0,197.0,822.0,5.0,,,,,,,,,,,,,,,,
51,hillmaniaa,12470879781203926444,1592426768000,1592427249000,mp_backlot2,9.0,3305.0,2116.0,30.003716,1000.0,0.13333333333333333,1.0,0.0,265.0,4.0,,1025.0,6421.0,0.0,3.0,54.0,116.03773584905659,6118.1816,1.0,1.0,9.0,26.0,1025.0,530.0,0.0,1.0,0.0,0.0,0.0,15.0,19.230768,0.0,9.0,647.0,30.0,249.0,1.0,,,,,,,,,,,2.0,,,,,
52,hillmaniaa,12717339580441969788,1592425777000,1592426605000,mp_petrograd,3.0,2700.0,3491.0,54.70186,300.0,0.0,0.0,1.0,145.83333333333334,,,450.0,6491.0,1.0,0.0,54.0,30.857142857142854,17157.676,5.0,0.0,0.6,,450.0,875.0,0.3333333333333333,1.0,0.0,0.0,0.0,26.0,36.14457700000001,0.0,2.0,478.0,,689.0,,,,,1.0,,,,,,,,,,,,
53,hillmaniaa,7684750607746022697,1592424252000,1592425200000,mp_cave_am,9.0,4060.0,4014.0,125.56804,900.0,0.4117647058823529,0.0,0.0,166.83333333333334,21.0,1.0,950.0,8974.0,1.0,0.0,54.0,56.94305694305694,31922.023,5.0,1.0,1.8,30.0,950.0,1001.0,0.1111111111111111,1.0,0.0,0.0,0.0,23.0,90.909096,0.0,4.0,792.0,51.0,500.0,,,,,,,,,,,,,,,,,
54,hillmaniaa,10129196985493955731,1592420679000,1592421231000,mp_crash2,7.0,3140.0,2385.0,106.85783,785.0,0.2903225806451613,0.0,0.0,298.5,9.0,1.0,1035.0,6310.0,1.0,1.0,54.0,104.02010050251256,10594.19,1.0,1.0,7.0,22.0,1035.0,597.0,0.14285714285714285,1.0,0.0,0.0,0.0,9.0,88.88889,0.0,4.0,726.0,31.0,358.0,4.0,,,,,,,,1.0,1.0,,,,,,,
55,hillmaniaa,12496917955482986279,1592412340000,1592412974000,mp_piccadilly,18.0,5550.0,3902.0,122.13875,1835.0,0.2295081967213115,1.0,0.0,337.0,28.0,,1610.0,11287.0,4.0,1.0,54.0,143.32344213649853,14567.288,1.0,1.0,18.0,94.0,1610.0,674.0,0.2222222222222222,1.0,0.0,0.0,0.0,56.0,88.2353,0.0,9.0,1521.0,122.0,304.0,,,,2.0,,,,,1.0,,,,1.0,,,,
56,hillmaniaa,17059032108106837683,1592341466000,1592342271000,mp_hackney_am,10.0,3460.0,3180.0,83.88911,1260.0,0.2876712328767123,0.0,0.0,107.0,21.0,2.0,1410.0,7900.0,1.0,2.0,54.0,98.8317757009346,17351.982,7.0,1.0,1.4285714285714286,52.0,1410.0,856.0,0.1,1.0,0.0,0.0,0.0,39.0,76.27118,0.0,4.0,1069.0,73.0,809.0,1.0,,,,,,2.0,,1.0,,,2.0,,,,,
57,hillmaniaa,2617879760429011917,1592340903000,1592341288000,mp_rust,3.0,1395.0,798.0,0.0,475.0,0.35,0.0,1.0,60.57142857142857,7.0,,475.0,2668.0,1.0,1.0,54.0,67.21698113207547,1217.8834,6.0,0.0,0.5,13.0,475.0,424.0,0.3333333333333333,1.0,0.0,0.0,0.0,9.0,0.0,0.0,2.0,300.0,20.0,879.0,,,,,,,,,,3.0,,1.0,,,,,
58,hillmaniaa,6089182568819232698,1592340172000,1592340807000,mp_piccadilly,5.0,2700.0,2834.0,137.2643,600.0,0.2,0.0,0.0,170.25,10.0,,725.0,6134.0,1.0,1.0,54.0,63.87665198237885,17536.432,3.0,1.0,1.6666666666666667,40.0,725.0,681.0,0.2,1.0,0.0,0.0,0.0,13.0,97.22223,0.0,2.0,619.0,50.0,346.0,1.0,,2.0,,,,,,,,,,,1.0,,,
59,hillmaniaa,16275245448753002544,1592339260000,1592340026000,mp_backlot2,4.0,2320.0,3866.0,111.298874,625.0,0.1264367816091954,0.0,0.0,163.2,22.0,,625.0,6811.0,1.0,1.0,54.0,45.95588235294118,20770.709,4.0,1.0,1.0,152.0,625.0,816.0,0.25,1.0,0.0,0.0,0.0,54.0,80.64516400000002,0.0,3.0,570.0,174.0,508.0,,,,,,,2.0,,,,,,,,,,
60,hillmaniaa,17553770294748289273,1592338487000,1592339149000,mp_crash2,8.0,4320.0,3819.0,145.95958000000005,835.0,0.475,0.0,0.0,241.66666666666663,19.0,1.0,1135.0,8974.0,2.0,1.0,54.0,93.93103448275862,22401.62,2.0,1.0,4.0,21.0,1135.0,725.0,0.25,1.0,0.0,0.0,0.0,8.0,81.39535,0.0,5.0,882.0,40.0,355.0,2.0,,,,1.0,,,,1.0,,,1.0,,,,,
61,hillmaniaa,14367906075090003002,1592337599000,1592338307000,mp_m_speed,4.0,2150.0,1666.0,113.985794,525.0,0.4,0.0,0.0,108.28571428571428,6.0,,525.0,4341.0,0.0,1.0,54.0,41.556728232189975,10893.364,6.0,1.0,0.6666666666666666,9.0,525.0,758.0,0.0,1.0,0.0,0.0,0.0,11.0,97.560974,0.0,2.0,480.0,15.0,926.0,,,,,,,1.0,,,,,1.0,,,,,
62,hillmaniaa,5765631332382683470,1592336483000,1592337446000,mp_deadzone,12.0,5045.0,4352.0,120.18937,1345.0,0.2413793103448276,0.0,0.0,170.33333333333334,14.0,1.0,1470.0,10742.0,0.0,1.0,54.0,86.30136986301369,38552.207,5.0,1.0,2.4,44.0,1470.0,1022.0,0.0,1.0,0.0,0.0,0.0,34.0,50.0,0.0,7.0,1224.0,58.0,779.0,3.0,,,1.0,,,1.0,,2.0,,,,,,,,
63,hillmaniaa,13158515872912190337,1592256709000,1592257576000,mp_crash2,9.0,4735.0,4457.0,108.092514,990.0,0.1693548387096774,0.0,0.0,130.42857142857142,21.0,2.0,1390.0,10182.0,0.0,0.0,54.0,91.3472070098576,26628.96,6.0,1.0,1.5,103.0,1390.0,913.0,0.0,1.0,0.0,0.0,0.0,60.0,85.10638399999998,0.0,4.0,1058.0,124.0,851.0,3.0,,,,1.0,,,,4.0,1.0,,,,,,,
64,hillmaniaa,6285895875409790669,1592255848000,1592256507000,mp_backlot2,7.0,2875.0,3284.0,192.08379,800.0,0.2222222222222222,0.0,0.0,180.0,16.0,1.0,850.0,6959.0,1.0,2.0,54.0,70.83333333333333,21947.412,3.0,1.0,2.333333333333333,56.0,850.0,720.0,0.14285714285714285,1.0,0.0,0.0,0.0,35.0,92.10526,0.0,4.0,807.0,72.0,496.0,,,,,,,,,,,,,,,,,
65,hillmaniaa,17551195465301186549,1592255026000,1592255716000,mp_hideout,7.0,2570.0,2247.0,74.90491999999998,700.0,0.0,0.0,0.0,105.57142857142857,,,750.0,5517.0,2.0,0.0,54.0,60.89309878213803,10912.446000000002,6.0,1.0,1.1666666666666667,,750.0,739.0,0.2857142857142857,1.0,0.0,0.0,0.0,48.0,49.450546,0.0,3.0,699.0,,742.0,1.0,,,,,,,,,,,,,,,,
66,hillmaniaa,16155687098624965981,1592253766000,1592254908000,mp_petrograd,6.0,3545.0,5838.0,50.680103,625.0,0.22916666666666666,0.0,0.0,169.0,11.0,,675.0,10008.0,0.0,1.0,54.0,34.234995773457314,36546.836,6.0,1.0,1.0,37.0,675.0,1183.0,0.0,1.0,0.0,0.0,0.0,31.0,53.92157,0.0,2.0,713.0,48.0,800.0,1.0,,,,,,,,,,,,,,,,
67,hillmaniaa,15711793469948754716,1592253049000,1592253617000,mp_piccadilly,1.0,745.0,953.0,137.0529,125.0,0.13043478260869565,0.0,0.0,122.8,3.0,,125.0,1823.0,0.0,1.0,54.0,12.21498371335505,14212.693,4.0,1.0,0.25,20.0,125.0,614.0,0.0,1.0,0.0,0.0,0.0,8.0,74.62687,0.0,1.0,149.0,23.0,400.0,,,,,,,,,,,,,,,,,
68,hillmaniaa,2279107725674928305,1592251887000,1592252863000,mp_cave_am,9.0,4460.0,4871.0,134.26892,945.0,0.2307692307692308,0.0,0.0,204.4,27.0,1.0,1145.0,10276.0,1.0,0.0,54.0,67.2211350293542,37229.31,4.0,1.0,2.25,90.0,1145.0,1022.0,0.1111111111111111,1.0,0.0,0.0,0.0,59.0,70.51281999999998,0.0,4.0,848.0,117.0,560.0,,,1.0,,,,,,2.0,,,,,,1.0,,
69,hillmaniaa,6729646586169866596,1592250760000,1592251767000,mp_vacant,6.0,3665.0,4002.0,162.49452,750.0,0.15476190476190474,1.0,0.0,173.83333333333337,13.0,1.0,975.0,8417.0,1.0,3.0,54.0,56.0882070949185,31277.656000000014,5.0,1.0,1.2,71.0,975.0,1043.0,0.16666666666666666,1.0,0.0,0.0,0.0,37.0,98.48485,0.0,3.0,649.0,84.0,561.0,1.0,,1.0,,,,,,,,,,,,1.0,,
70,hillmaniaa,17565719404042788262,1592250100000,1592250670000,mp_runner,7.0,3035.0,1871.0,138.95427,780.0,0.6153846153846154,0.0,0.0,150.25,8.0,,880.0,5686.0,1.0,2.0,54.0,87.85357737104826,12888.336,3.0,1.0,2.333333333333333,5.0,880.0,601.0,0.14285714285714285,1.0,0.0,0.0,0.0,8.0,89.74359,0.0,6.0,553.0,13.0,396.0,2.0,,,,,,,,3.0,,,2.0,,,,,
71,SimWalson,12470879781203926444,1592426768000,1592427249000,mp_backlot2,5.0,2910.0,2046.0,94.47187,835.0,0.7142857142857143,1.0,0.0,132.75,10.0,,960.0,5791.0,3.0,2.0,54.0,108.47457627118642,10394.293,3.0,1.0,1.6666666666666667,4.0,960.0,531.0,0.6,1.0,0.0,0.0,0.0,11.0,83.33333,0.0,3.0,681.0,14.0,366.0,3.0,,,,,,2.0,,,,,,,,,1.0,
72,SimWalson,12717339580441969788,1592425777000,1592426605000,mp_petrograd,7.0,2855.0,3415.0,69.31541999999999,725.0,0.0,0.0,1.0,146.0,,,725.0,6995.0,3.0,0.0,54.0,49.65753424657535,23901.9,5.0,0.0,1.4,,725.0,876.0,0.42857142857142855,1.0,0.0,0.0,0.0,13.0,72.28915400000002,0.0,3.0,883.0,,735.0,,,1.0,,,,,,,,,,,,,,
73,SimWalson,7684750607746022697,1592424252000,1592425200000,mp_cave_am,7.0,3070.0,3831.0,83.2794,825.0,0.2330097087378641,1.0,0.0,166.83333333333334,24.0,,800.0,7726.0,2.0,0.0,54.0,47.952047952047955,34247.562000000005,5.0,1.0,1.4,79.0,800.0,1001.0,0.2857142857142857,1.0,0.0,0.0,0.0,43.0,72.72726999999998,0.0,3.0,880.0,103.0,692.0,,,,,,,1.0,,,,,,,,,,
74,SimWalson,10129196985493955731,1592420679000,1592421231000,mp_crash2,11.0,4860.0,3320.0,184.86147,1265.0,0.1694915254237288,0.0,0.0,197.66666666666663,10.0,4.0,1540.0,9445.0,1.0,3.0,54.0,155.8178752107926,11610.018999999998,2.0,1.0,5.5,49.0,1540.0,593.0,0.09090909090909093,1.0,0.0,0.0,0.0,28.0,88.23529,0.0,6.0,1054.0,59.0,464.0,3.0,,,1.0,,,,,4.0,1.0,,,,,,,
75,SimWalson,12496917955482986279,1592412340000,1592412974000,mp_piccadilly,4.0,1600.0,1611.0,77.05385,500.0,0.11594202898550725,1.0,0.0,134.4,8.0,,475.0,3711.0,1.0,1.0,54.0,42.410714285714285,12414.748,4.0,1.0,1.0,61.0,475.0,672.0,0.25,1.0,0.0,0.0,0.0,48.0,29.411766,0.0,4.0,456.0,69.0,612.0,,,,,,,,,,,,,,,,,
76,SimWalson,17059032108106837683,1592341466000,1592342271000,mp_hackney_am,7.0,3380.0,3573.0,133.49399,845.0,0.1910828025477707,0.0,0.0,122.57142857142857,30.0,1.0,945.0,7798.0,1.0,1.0,54.0,66.08391608391611,23010.674,6.0,1.0,1.1666666666666667,127.0,945.0,858.0,0.14285714285714285,1.0,0.0,0.0,0.0,71.0,84.74576,0.0,4.0,882.0,157.0,960.0,1.0,,3.0,,,,,,2.0,,,,,,,,
77,SimWalson,2617879760429011917,1592340903000,1592341288000,mp_rust,0.0,500.0,477.0,0.0,25.0,0.26666666666666666,0.0,1.0,60.0,4.0,,25.0,1002.0,0.0,1.0,54.0,3.571428571428571,2495.933,6.0,0.0,0.0,11.0,25.0,420.0,0.0,1.0,0.0,0.0,0.0,8.0,0.0,0.0,0.0,96.0,15.0,634.0,,,,,,,,,,,,,,,,,
78,SimWalson,6089182568819232698,1592340172000,1592340807000,mp_piccadilly,5.0,1810.0,1364.0,123.993805,520.0,0.2976190476190476,0.0,0.0,114.33333333333331,25.0,,520.0,3694.0,0.0,0.0,54.0,45.481049562682216,15201.727,5.0,1.0,1.0,59.0,520.0,686.0,0.0,1.0,0.0,0.0,0.0,49.0,41.666668,0.0,4.0,604.0,84.0,700.0,,,,,,,,,2.0,,,,,,,,
79,SimWalson,16275245448753002544,1592339260000,1592340026000,mp_backlot2,6.0,2260.0,2913.0,66.68621,730.0,0.3673469387755102,0.0,0.0,135.83333333333334,18.0,,730.0,5903.0,0.0,0.0,54.0,53.74233128834357,19348.467,5.0,1.0,1.2,31.0,730.0,815.0,0.0,1.0,0.0,0.0,0.0,23.0,48.3871,0.0,4.0,925.0,49.0,733.0,,,,,,,1.0,,3.0,,,,,,,,
80,SimWalson,17553770294748289273,1592338487000,1592339149000,mp_crash2,3.0,1740.0,2393.0,101.175095,300.0,0.12903225806451613,0.0,0.0,103.57142857142857,4.0,,350.0,4433.0,1.0,0.0,54.0,28.965517241379317,24875.982000000004,6.0,1.0,0.5,27.0,350.0,725.0,0.3333333333333333,1.0,0.0,0.0,0.0,25.0,64.81481,0.0,1.0,275.0,31.0,687.0,1.0,,,,,,,,,,,,,,,,
81,SimWalson,14367906075090003002,1592337599000,1592338307000,mp_m_speed,9.0,3915.0,2526.0,127.89538600000002,1125.0,0.26744186046511625,0.0,0.0,124.33333333333331,23.0,2.0,1325.0,7566.0,2.0,0.0,54.0,106.56836461126005,16775.107,5.0,1.0,1.8,63.0,1325.0,746.0,0.2222222222222222,1.0,0.0,0.0,0.0,44.0,60.975613,0.0,4.0,748.0,86.0,781.0,2.0,,1.0,,,,2.0,,,,,,,,,,
82,SimWalson,13158515872912190337,1592256709000,1592257576000,mp_crash2,5.0,3010.0,3363.0,104.60618,500.0,0.18548387096774194,0.0,0.0,130.28571428571428,23.0,,600.0,6873.0,1.0,0.0,54.0,39.473684210526315,22156.338,6.0,1.0,0.8333333333333334,101.0,600.0,912.0,0.2,1.0,0.0,0.0,0.0,49.0,85.10638399999998,0.0,1.0,688.0,124.0,699.0,2.0,,,,,,,,,,,,,,,,
83,SimWalson,6285895875409790669,1592255848000,1592256507000,mp_backlot2,5.0,2300.0,2952.0,151.98769,500.0,0.19642857142857145,0.0,0.0,180.0,11.0,,500.0,5752.0,0.0,0.0,54.0,41.66666666666666,17803.723,3.0,1.0,1.6666666666666667,45.0,500.0,720.0,0.0,1.0,0.0,0.0,0.0,21.0,92.10526,0.0,3.0,530.0,56.0,307.0,,,,,,,,,,,,,,,,,
84,SimWalson,17551195465301186549,1592255026000,1592255716000,mp_hideout,14.0,6930.0,4329.0,102.20838,1675.0,0.0,3.0,0.0,147.0,,2.0,1875.0,12934.0,3.0,1.0,54.0,153.0612244897959,23956.463,4.0,1.0,3.5,,1875.0,735.0,0.21428571428571427,1.0,0.0,0.0,0.0,55.0,93.406586,0.0,10.0,1456.0,,620.0,,,4.0,,,,1.0,,,,,,,,1.0,,
85,SimWalson,16155687098624965981,1592253766000,1592254908000,mp_petrograd,6.0,3400.0,4483.0,77.20045,850.0,0.10884353741496597,0.0,0.0,169.14285714285714,16.0,,900.0,8733.0,0.0,0.0,54.0,45.6081081081081,56377.832,6.0,1.0,1.0,131.0,900.0,1184.0,0.0,1.0,0.0,0.0,0.0,56.0,73.52941,0.0,2.0,681.0,147.0,847.0,1.0,,2.0,,,,2.0,,,,,,,,,,
86,SimWalson,15711793469948754716,1592253049000,1592253617000,mp_piccadilly,3.0,1850.0,1907.0,94.560295,525.0,0.2608695652173913,0.0,0.0,153.5,6.0,,525.0,4282.0,0.0,1.0,54.0,51.30293159609121,16041.773,3.0,1.0,1.0,17.0,525.0,614.0,0.0,1.0,0.0,0.0,0.0,12.0,52.23881,0.0,1.0,301.0,23.0,365.0,,,,,,,2.0,,,,,,,,,,
87,SimWalson,2279107725674928305,1592251887000,1592252863000,mp_cave_am,11.0,4475.0,4468.0,97.96936,1185.0,0.2972972972972973,1.0,0.0,127.5,33.0,,1210.0,10128.0,2.0,0.0,54.0,71.17647058823529,33318.906,7.0,1.0,1.5714285714285714,78.0,1210.0,1020.0,0.18181818181818185,1.0,0.0,0.0,0.0,57.0,64.10256,0.0,5.0,1188.0,111.0,942.0,1.0,,2.0,,,,,,1.0,,,,,,,,
88,SimWalson,6729646586169866596,1592250760000,1592251767000,mp_vacant,4.0,2450.0,4443.0,120.602486,425.0,0.15053763440860216,0.0,0.0,115.66666666666669,14.0,,425.0,7318.0,3.0,1.0,54.0,24.495677233429397,22820.627,8.0,1.0,0.5,79.0,425.0,1041.0,0.75,1.0,0.0,0.0,0.0,45.0,98.48485,0.0,3.0,703.0,93.0,1081.0,,,,,,,,,,,,,,,,,
89,SimWalson,17565719404042788262,1592250100000,1592250670000,mp_runner,3.0,1870.0,1769.0,39.11462,300.0,0.22388059701492533,0.0,0.0,149.75,15.0,,450.0,3939.0,0.0,0.0,54.0,45.07512520868114,12908.582,3.0,1.0,1.0,52.0,450.0,599.0,0.0,1.0,0.0,0.0,0.0,42.0,20.408163,0.0,2.0,390.0,67.0,344.0,,,,,1.0,,,,,,,,,,,,
90,SimWalson,1071568586121289870,1592170181000,1592171067000,mp_runner,7.0,2995.0,3039.0,75.24745,850.0,0.2833333333333333,1.0,1.0,115.75,17.0,,850.0,13768.0,1.0,0.0,54.0,55.0755939524838,18648.037,7.0,0.0,1.0,43.0,850.0,926.0,0.14285714285714285,1.0,0.0,0.0,0.0,24.0,77.6699,0.0,2.0,725.0,60.0,887.0,,,2.0,,,,1.0,,,,,,,,,,
91,SimWalson,15748414812411513588,1592169006000,1592169929000,mp_village2,13.0,4935.0,4182.0,0.0,1530.0,0.3783783783783784,0.0,0.0,161.16666666666666,14.0,3.0,1505.0,21294.0,5.0,0.0,54.0,93.38159255429164,29332.379,5.0,1.0,2.6,23.0,1505.0,967.0,0.38461538461538464,1.0,0.0,0.0,0.0,21.0,0.0,0.0,5.0,1485.0,37.0,525.0,1.0,,,1.0,,,2.0,,3.0,,,,,,,,
92,CrazyFoolJoe,12470879781203926444,1592426768000,1592427249000,mp_backlot2,7.0,2760.0,3069.0,47.982685,875.0,0.5,0.0,0.0,266.5,16.0,,875.0,6704.0,1.0,2.0,54.0,98.49906191369608,7360.1694,1.0,1.0,7.0,16.0,875.0,533.0,0.14285714285714285,1.0,1.0,0.0,0.0,12.0,64.10256,0.0,4.0,1069.0,32.0,409.0,,,,,,,,,,,1.0,,,,,,
93,CrazyFoolJoe,12717339580441969788,1592425777000,1592426605000,mp_petrograd,4.0,1935.0,2617.0,84.91188000000002,475.0,0.0,0.0,1.0,125.71428571428572,,,475.0,5027.0,2.0,1.0,54.0,32.38636363636364,22787.152,6.0,0.0,0.6666666666666666,,475.0,880.0,0.5,1.0,0.0,0.0,0.0,10.0,72.28915400000002,0.0,4.0,587.0,,783.0,,,,,,,,,,,,,,,,,
94,CrazyFoolJoe,13158515872912190337,1592256709000,1592257576000,mp_crash2,6.0,3450.0,3990.0,140.5882,700.0,0.15137614678899086,0.0,0.0,152.33333333333334,33.0,1.0,850.0,8140.0,1.0,3.0,54.0,55.798687089715536,24354.107000000004,5.0,1.0,1.2,185.0,850.0,914.0,0.16666666666666666,1.0,0.0,0.0,0.0,99.0,95.74469,0.0,2.0,754.0,218.0,547.0,2.0,,,,,,,,,,,,,,,,
95,CrazyFoolJoe,6285895875409790669,1592255848000,1592256507000,mp_backlot2,9.0,3685.0,4272.0,162.52855,985.0,0.20526315789473684,0.0,0.0,144.0,39.0,,985.0,8942.0,2.0,2.0,54.0,82.08333333333333,17291.27,4.0,1.0,2.25,151.0,985.0,720.0,0.2222222222222222,1.0,0.0,0.0,0.0,88.0,92.10526,0.0,4.0,972.0,190.0,512.0,,,,,,,,,1.0,,,,,,,,
96,CrazyFoolJoe,17551195465301186549,1592255026000,1592255716000,mp_hideout,7.0,3295.0,3891.0,53.125103,825.0,0.0,0.0,0.0,92.625,,,825.0,8011.0,0.0,1.0,54.0,66.80161943319838,14106.078,7.0,1.0,1.0,,825.0,741.0,0.0,1.0,0.0,0.0,0.0,102.0,27.472527000000003,0.0,3.0,776.0,,896.0,,,,,,,1.0,,,,,,,,,,
97,CrazyFoolJoe,16155687098624965981,1592253766000,1592254908000,mp_petrograd,7.0,3505.0,5958.0,118.69738,725.0,0.15517241379310345,0.0,0.0,118.4,36.0,,725.0,10188.0,3.0,1.0,54.0,36.73986486486485,43912.42,9.0,1.0,0.7777777777777778,196.0,725.0,1184.0,0.42857142857142855,1.0,0.0,0.0,0.0,115.0,78.43137,0.0,3.0,985.0,232.0,1163.0,,,,,,,,,,,,,,,,,
98,CrazyFoolJoe,15711793469948754716,1592253049000,1592253617000,mp_piccadilly,5.0,1780.0,2344.0,62.906467000000006,500.0,0.2469135802469136,1.0,0.0,122.8,20.0,,500.0,4624.0,0.0,0.0,54.0,48.8599348534202,14898.213,4.0,1.0,1.25,61.0,500.0,614.0,0.0,1.0,0.0,0.0,0.0,35.0,44.77612,0.0,3.0,576.0,81.0,436.0,,,,,,,,,,,,,,,,,
99,CrazyFoolJoe,1071568586121289870,1592170181000,1592171067000,mp_runner,3.0,1460.0,1456.0,8.105947,300.0,0.15254237288135594,0.0,1.0,115.875,9.0,1.0,350.0,6432.0,1.0,0.0,54.0,22.65372168284789,4284.4673,7.0,0.0,0.42857142857142855,50.0,350.0,927.0,0.3333333333333333,1.0,0.0,0.0,0.0,21.0,9.708737,0.0,2.0,224.0,59.0,781.0,,,,,,,,,,,,,,,,,
100,CrazyFoolJoe,15748414812411513588,1592169006000,1592169929000,mp_village2,3.0,1690.0,2125.0,0.0,425.0,0.1625,0.0,0.0,120.75,13.0,,425.0,8480.0,1.0,1.0,54.0,26.39751552795031,30355.002,7.0,1.0,0.42857142857142855,67.0,425.0,966.0,0.3333333333333333,1.0,0.0,0.0,0.0,32.0,0.0,0.0,3.0,346.0,80.0,885.0,,,,,,,1.0,,,,,,,,,,
101,CrazyFoolJoe,16771874709158343632,1592168066000,1592168900000,mp_emporium,7.0,3520.0,3739.0,128.71219,1125.0,0.20987654320987653,0.0,0.0,124.57142857142857,34.0,2.0,1275.0,16768.0,2.0,1.0,54.0,87.72935779816515,32255.746,6.0,1.0,1.1666666666666667,128.0,1275.0,872.0,0.2857142857142857,1.0,0.0,0.0,0.0,84.0,89.74359,0.0,3.0,843.0,162.0,918.0,1.0,,,,,,4.0,,,,,,,,,,
102,CrazyFoolJoe,18319910232553476951,1592167472000,1592167967000,mp_spear,3.0,1635.0,2274.0,0.0,300.0,0.4444444444444444,0.0,0.0,109.6,12.0,,300.0,8418.0,2.0,0.0,54.0,32.846715328467155,12413.229,4.0,1.0,0.75,15.0,300.0,548.0,0.6666666666666666,1.0,0.0,0.0,0.0,14.0,0.0,0.0,2.0,404.0,27.0,549.0,,,,,,,,,,,,,,,,,
103,CrazyFoolJoe,10469781070609715180,1592166567000,1592167161000,mp_rust,10.0,4610.0,2112.0,0.0,1155.0,0.2411764705882353,0.0,0.0,106.83333333333331,41.0,1.0,1255.0,15754.0,2.0,2.0,54.0,117.47269890795631,9883.038,5.0,1.0,2.0,129.0,1255.0,641.0,0.2,1.0,0.0,0.0,0.0,101.0,0.0,0.0,6.0,1202.0,170.0,756.0,1.0,,,,,,,,3.0,,,,,,,,
104,omarbeancone,12470879781203926444,1592426768000,1592427249000,mp_backlot2,3.0,1770.0,2221.0,111.74975,400.0,0.1,0.0,0.0,177.33333333333337,15.0,,450.0,4391.0,1.0,2.0,54.0,50.751879699248114,12006.487,2.0,1.0,1.5,135.0,450.0,532.0,0.3333333333333333,1.0,0.0,0.0,0.0,75.0,83.33333,0.0,2.0,491.0,150.0,337.0,1.0,,,,,,,,,,,,,,,,
105,omarbeancone,12717339580441969788,1592425777000,1592426605000,mp_petrograd,2.0,1920.0,3112.0,50.094566,250.0,0.0,0.0,1.0,125.0,,,325.0,5282.0,1.0,1.0,54.0,22.285714285714285,28816.54,6.0,0.0,0.3333333333333333,,325.0,875.0,0.5,1.0,0.0,0.0,0.0,51.0,42.168674,0.0,1.0,582.0,,665.0,,,,,,,,,,,,,,1.0,,,
106,omarbeancone,12496917955482986279,1592412340000,1592412974000,mp_piccadilly,3.0,2140.0,3474.0,98.69663,520.0,0.26229508196721313,0.0,0.0,167.5,16.0,,520.0,6134.0,0.0,3.0,54.0,46.56716417910448,17035.55,3.0,1.0,1.0,45.0,520.0,670.0,0.0,1.0,0.0,0.0,0.0,27.0,78.43137,0.0,2.0,689.0,61.0,356.0,,,,,,,,,,,,,,,,,2.0
107,omarbeancone,3840948122107477090,1592240995000,1592241340000,mp_rust,3.0,1420.0,1162.0,0.0,375.0,0.3076923076923077,0.0,0.0,98.75,4.0,,375.0,5914.0,1.0,1.0,54.0,56.96202531645571,1240.3215,3.0,1.0,1.0,9.0,375.0,395.0,0.3333333333333333,1.0,0.0,0.0,0.0,5.0,0.0,0.0,2.0,505.0,13.0,397.0,,,,,,,,,,,,,,,,,
108,omarbeancone,13774016947743087594,1592089295000,1592089970000,mp_runner,6.0,2595.0,2415.0,53.249325,675.0,0.24509803921568624,0.0,1.0,102.71428571428572,25.0,1.0,725.0,11370.0,0.0,1.0,54.0,60.50069541029208,15249.823,6.0,0.0,1.0,77.0,725.0,719.0,0.0,1.0,0.0,0.0,0.0,33.0,41.666664,0.0,2.0,695.0,102.0,818.0,,,,,,,,,,,,,,,,,3.0
109,omarbeancone,7564817362049002652,1592088367000,1592089185000,mp_crash2,3.0,2325.0,4273.0,50.39148,710.0,0.15,1.0,0.0,122.71428571428572,18.0,,810.0,14616.0,0.0,5.0,54.0,56.57741559953435,23732.467,6.0,1.0,0.5,102.0,810.0,859.0,0.0,1.0,0.0,0.0,0.0,54.0,58.441563,0.0,2.0,718.0,120.0,698.0,2.0,,,,,,1.0,,,,,,,,,,3.0
110,bouncybanana#6363912,10129196985493955731,1592420679000,1592421231000,mp_crash2,6.0,2905.0,3014.0,137.38098,775.0,0.6666666666666666,0.0,0.0,121.2,6.0,,825.0,6694.0,0.0,2.0,54.0,81.68316831683168,15538.951,4.0,1.0,1.5,3.0,825.0,606.0,0.0,1.0,0.0,0.0,0.0,6.0,100.0,0.0,3.0,795.0,9.0,547.0,1.0,,,,,,1.0,,,,,1.0,,,,,
111,bouncybanana#6363912,12496917955482986279,1592412340000,1592412974000,mp_piccadilly,5.0,2695.0,3576.0,102.498024,675.0,0.1322314049586777,1.0,0.0,227.0,16.0,1.0,700.0,6946.0,1.0,1.0,54.0,61.674008810572694,16541.512,2.0,1.0,2.5,105.0,700.0,681.0,0.2,1.0,0.0,0.0,0.0,60.0,98.039215,0.0,3.0,680.0,121.0,433.0,,,,,,,1.0,,,,,,,,,,
112,bouncybanana#6363912,17059032108106837683,1592341466000,1592342271000,mp_hackney_am,4.0,2540.0,3643.0,18.998737,650.0,0.1917808219178082,0.0,0.0,144.33333333333334,14.0,,650.0,6833.0,0.0,2.0,54.0,45.03464203233256,15443.219,5.0,1.0,0.8,59.0,650.0,866.0,0.0,1.0,0.0,0.0,0.0,35.0,25.423729,0.0,1.0,624.0,73.0,646.0,,,1.0,,,,1.0,,,,,,,,,,
113,bouncybanana#6363912,2617879760429011917,1592340903000,1592341288000,mp_rust,6.0,2875.0,1415.0,0.0,600.0,0.2246376811594203,0.0,1.0,61.28571428571429,31.0,,650.0,4890.0,1.0,0.0,54.0,90.9090909090909,2994.9087,6.0,0.0,1.0,107.0,650.0,429.0,0.16666666666666666,1.0,0.0,0.0,0.0,93.0,0.0,0.0,2.0,776.0,138.0,867.0,1.0,,,,,,,,,,,,,,,,
114,bouncybanana#6363912,6089182568819232698,1592340172000,1592340807000,mp_piccadilly,2.0,1660.0,2895.0,131.80338999999998,325.0,0.25806451612903225,0.0,0.0,85.875,8.0,,325.0,4880.0,0.0,1.0,54.0,28.38427947598253,14690.44,7.0,1.0,0.2857142857142857,23.0,325.0,687.0,0.0,1.0,0.0,0.0,0.0,21.0,83.333336,0.0,1.0,422.0,31.0,701.0,,,,,,,1.0,,,,,,,,,,
115,bouncybanana#6363912,16275245448753002544,1592339260000,1592340026000,mp_backlot2,7.0,2740.0,3148.0,93.77578,725.0,0.2297297297297297,1.0,0.0,118.0,17.0,,700.0,6613.0,0.0,0.0,54.0,50.847457627118644,16874.24,6.0,1.0,1.1666666666666667,57.0,700.0,826.0,0.0,1.0,0.0,0.0,0.0,39.0,96.7742,0.0,3.0,1122.0,74.0,630.0,,,,,,,,,,,,,,,,,
116,bouncybanana#6363912,17553770294748289273,1592338487000,1592339149000,mp_crash2,8.0,4505.0,3333.0,116.68003,1220.0,0.5454545454545454,0.0,0.0,363.0,6.0,,1545.0,9058.0,1.0,2.0,54.0,127.68595041322315,21535.645,1.0,1.0,8.0,5.0,1545.0,726.0,0.125,1.0,0.0,0.0,0.0,5.0,83.33333,0.0,5.0,800.0,11.0,251.0,4.0,,,1.0,,,2.0,2.0,2.0,3.0,,2.0,,,,,
117,bouncybanana#6363912,14367906075090003002,1592337599000,1592338307000,mp_m_speed,6.0,2820.0,1867.0,182.53035,675.0,0.4137931034482759,0.0,0.0,152.2,12.0,,825.0,5362.0,1.0,0.0,54.0,65.04599211563732,17103.744,4.0,1.0,1.5,17.0,825.0,761.0,0.16666666666666666,1.0,0.0,0.0,0.0,28.0,97.560974,0.0,2.0,685.0,29.0,560.0,3.0,,1.0,,,,,,,1.0,,,,,,,
118,kingfishy,1951097430550911098,1592502519000,1592503299000,mp_hardhat,4.0,2420.0,2555.0,61.589413,475.0,0.12987012987012986,0.0,1.0,102.875,10.0,,475.0,5450.0,0.0,2.0,54.0,34.629404617253954,25587.06600000001,7.0,0.0,0.5714285714285714,67.0,475.0,823.0,0.0,1.0,0.0,0.0,0.0,27.0,40.0,0.0,3.0,464.0,77.0,827.0,,,,,,,,,,,,,,,,,
119,kingfishy,15737883883798492896,1592500913000,1592502246000,mp_raid,8.0,3895.0,4995.0,35.998173,1000.0,0.2,0.0,0.0,197.28571428571428,28.0,1.0,1100.0,9890.0,1.0,0.0,54.0,47.79145546705286,40238.734,6.0,1.0,1.3333333333333333,112.0,1100.0,1381.0,0.125,1.0,0.0,0.0,0.0,54.0,40.816326000000004,0.0,4.0,935.0,140.0,922.0,1.0,,,,,,2.0,,,,,,,,,,
120,kingfishy,16524131687660969337,1592499759000,1592500774000,mp_hideout,6.0,3310.0,3822.0,81.10879,600.0,0.18181818181818185,0.0,0.0,132.125,22.0,,600.0,7732.0,2.0,0.0,54.0,34.058656575212865,23449.24,7.0,1.0,0.8571428571428571,99.0,600.0,1057.0,0.3333333333333333,1.0,0.0,0.0,0.0,64.0,77.586205,0.0,2.0,891.0,121.0,840.0,,,,,,,,,,,,,,,,,
121,Bonj-Welson,10410135453542708920,1592423225000,1592424009000,mp_petrograd,7.0,3190.0,3707.0,0.0,725.0,0.31958762886597936,1.0,0.0,138.33333333333334,31.0,,700.0,7622.0,1.0,0.0,54.0,50.60240963855422,28648.767999999996,5.0,1.0,1.4,66.0,700.0,830.0,0.14285714285714285,1.0,0.0,0.0,0.0,46.0,0.0,0.0,3.0,822.0,97.0,576.0,,,,,,,,,,,,,,,,,
122,hillmaniaa,1951097430550911098,1592502519000,1592503299000,mp_hardhat,8.0,3670.0,3730.0,51.482887,1135.0,0.4074074074074074,0.0,1.0,102.875,11.0,1.0,1185.0,8535.0,0.0,2.0,54.0,86.39125151883354,18857.885,7.0,0.0,1.1428571428571428,16.0,1185.0,823.0,0.0,1.0,1.0,0.0,0.0,16.0,33.333335999999996,0.0,4.0,889.0,27.0,787.0,,,2.0,,,2.0,1.0,,1.0,,1.0,1.0,,,,,
123,hillmaniaa,15737883883798492896,1592500913000,1592502246000,mp_raid,10.0,4815.0,7558.0,70.68298,1075.0,0.4761904761904762,0.0,0.0,138.1,20.0,2.0,1175.0,13448.0,1.0,1.0,54.0,51.04996379435192,35881.508,9.0,1.0,1.1111111111111112,22.0,1175.0,1381.0,0.1,1.0,0.0,1.0,0.0,19.0,61.22449,0.0,2.0,1339.0,42.0,978.0,,,1.0,,,,,,,,,,,,,,
124,hillmaniaa,16524131687660969337,1592499759000,1592500774000,mp_hideout,3.0,2440.0,3588.0,95.44471999999999,625.0,0.2391304347826087,0.0,0.0,133.0,11.0,,625.0,6653.0,0.0,1.0,54.0,35.24436090225564,27495.82,7.0,1.0,0.42857142857142855,35.0,625.0,1064.0,0.0,1.0,0.0,0.0,0.0,24.0,68.965515,0.0,1.0,503.0,46.0,1055.0,,,,,,,2.0,,,2.0,,1.0,,,,,
125,SimWalson,15737883883798492896,1592500913000,1592502246000,mp_raid,18.0,7670.0,7062.0,142.03796,1935.0,0.2713178294573643,1.0,0.0,229.33333333333331,70.0,3.0,2185.0,16667.0,3.0,0.0,54.0,95.27616279069768,71041.59,5.0,1.0,3.6,188.0,2185.0,1376.0,0.16666666666666666,1.0,0.0,0.0,0.0,129.0,88.2353,0.0,7.0,2172.0,258.0,793.0,1.0,,3.0,1.0,1.0,1.0,,,1.0,,,,,,,,
126,SimWalson,16524131687660969337,1592499759000,1592500774000,mp_hideout,11.0,5615.0,4573.0,89.62828,1150.0,0.3173076923076923,0.0,0.0,106.0,33.0,4.0,1500.0,11338.0,0.0,0.0,54.0,84.90566037735849,33019.074,9.0,1.0,1.2222222222222223,71.0,1500.0,1060.0,0.0,1.0,0.0,0.0,0.0,59.0,94.82758000000001,0.0,5.0,1332.0,104.0,1084.0,,,,,1.0,,,,5.0,,,,,,,,
127,omarbeancone,1951097430550911098,1592502519000,1592503299000,mp_hardhat,3.0,2000.0,3013.0,55.942326,550.0,0.14583333333333334,0.0,1.0,91.44444444444444,21.0,,600.0,5563.0,1.0,2.0,54.0,43.742405832320784,29590.632999999998,8.0,0.0,0.375,123.0,600.0,823.0,0.3333333333333333,1.0,0.0,0.0,0.0,70.0,46.666668,0.0,2.0,694.0,144.0,800.0,1.0,,1.0,,,1.0,1.0,,,,,,,,,,
128,bouncybanana#6363912,15737883883798492896,1592500913000,1592502246000,mp_raid,9.0,4405.0,4799.0,88.05861999999998,1125.0,0.17582417582417584,0.0,0.0,172.75,16.0,2.0,1425.0,10329.0,1.0,1.0,54.0,61.86685962373373,48736.234000000004,7.0,1.0,1.2857142857142858,75.0,1425.0,1382.0,0.1111111111111111,1.0,0.0,0.0,0.0,48.0,96.938774,0.0,4.0,1071.0,91.0,795.0,1.0,,4.0,,1.0,,1.0,,,,,,,,,,
129,bouncybanana#6363912,16524131687660969337,1592499759000,1592500774000,mp_hideout,5.0,2435.0,2098.0,84.74124,500.0,0.26666666666666666,0.0,0.0,97.54545454545456,8.0,,500.0,5033.0,0.0,0.0,54.0,27.958993476234856,23566.436,10.0,1.0,0.5,22.0,500.0,1073.0,0.0,1.0,0.0,0.0,0.0,22.0,43.103446999999996,0.0,2.0,506.0,30.0,1103.0,,,,,,,,,,,,,,,,,
130,bouncybanana#6363912,10410135453542708920,1592423225000,1592424009000,mp_petrograd,4.0,2190.0,2340.0,0.0,525.0,0.5,0.0,0.0,118.71428571428572,3.0,,600.0,5055.0,0.0,0.0,54.0,43.321299638989174,22807.195,6.0,1.0,0.6666666666666666,3.0,600.0,831.0,0.0,1.0,0.0,0.0,0.0,3.0,0.0,0.0,1.0,400.0,6.0,600.0,,,1.0,,,,1.0,,,,,,,1.0,,,
